no_tiket,balasan
TIKET-20250806071934,pakai google bisa tapi ga unlimited
TIKET-20250806071934,pakai google bisa tapi ga unlimited
TIKET-20250806071934,pakai google bisa tapi ga unlimited
TIKET-20250806051058,Pesan test reply webhook
TIKET-20250805001,Ini adalah tes balasan webhook
TIKET-20250806082733,uye
TIKET-20250806082733,uye
TIKET-20250807004900,Bismillah bisa bisa...
TIKET-20250807012223,yoi
TIKET-20250807012223,uye
TIKET-20250807012223,isi_balasan
TIKET-20250807013714,siang ini makan apa
TIKET-20250807014214,yumei
TIKET-20250807053747,tes nih
TIKET-20250807061040,isi_balasan
